{
	"width": 1280,
	"height": 720,
	"fps": 30,
	"main": "./script/aez_bundle_main.js",
	"assets": {
		"player": {
			"type": "image",
			"width": 32,
			"height": 32,
			"path": "image/player.png",
			"hint": {
				"untainted": true
			}
		},
		"shot": {
			"type": "image",
			"width": 16,
			"height": 16,
			"path": "image/shot.png",
			"hint": {
				"untainted": true
			}
		},
		"se": {
			"type": "audio",
			"path": "audio/se",
			"systemId": "sound",
			"duration": 250,
			"hint": {
				"extensions": [
					".aac",
					".ogg"
				]
			}
		},
		"cookie": {
			"type": "image",
			"path": "image/cookie.png",
			"width": 250,
			"height": 250,
			"hint": {
				"untainted": true
			}
		},
		"startGamble": {
			"type": "image",
			"path": "image/startGamble.png",
			"width": 100,
			"height": 100,
			"hint": {
				"untainted": true
			}
		},
		"close": {
			"type": "image",
			"path": "image/close.png",
			"width": 104,
			"height": 40,
			"hint": {
				"untainted": true
			}
		},
		"ranking": {
			"type": "image",
			"path": "image/ranking.png",
			"width": 382,
			"height": 147,
			"hint": {
				"untainted": true
			}
		},
		"confirm": {
			"type": "image",
			"path": "image/confirm.png",
			"width": 500,
			"height": 219,
			"hint": {
				"untainted": true
			}
		},
		"delete": {
			"type": "image",
			"path": "image/delete.png",
			"width": 500,
			"height": 218,
			"hint": {
				"untainted": true
			}
		},
		"key0": {
			"type": "image",
			"path": "image/key0.png",
			"width": 500,
			"height": 487,
			"hint": {
				"untainted": true
			}
		},
		"key1": {
			"type": "image",
			"path": "image/key1.png",
			"width": 500,
			"height": 487,
			"hint": {
				"untainted": true
			}
		},
		"key2": {
			"type": "image",
			"path": "image/key2.png",
			"width": 500,
			"height": 487,
			"hint": {
				"untainted": true
			}
		},
		"key3": {
			"type": "image",
			"path": "image/key3.png",
			"width": 500,
			"height": 487,
			"hint": {
				"untainted": true
			}
		},
		"key4": {
			"type": "image",
			"path": "image/key4.png",
			"width": 500,
			"height": 487,
			"hint": {
				"untainted": true
			}
		},
		"key5": {
			"type": "image",
			"path": "image/key5.png",
			"width": 500,
			"height": 487,
			"hint": {
				"untainted": true
			}
		},
		"key6": {
			"type": "image",
			"path": "image/key6.png",
			"width": 500,
			"height": 487,
			"hint": {
				"untainted": true
			}
		},
		"key7": {
			"type": "image",
			"path": "image/key7.png",
			"width": 500,
			"height": 487,
			"hint": {
				"untainted": true
			}
		},
		"key8": {
			"type": "image",
			"path": "image/key8.png",
			"width": 500,
			"height": 487,
			"hint": {
				"untainted": true
			}
		},
		"key9": {
			"type": "image",
			"path": "image/key9.png",
			"width": 500,
			"height": 487,
			"hint": {
				"untainted": true
			}
		},
		"hide": {
			"type": "image",
			"path": "image/hide.png",
			"width": 194,
			"height": 500,
			"hint": {
				"untainted": true
			}
		},
		"JRA": {
			"type": "audio",
			"path": "audio/JRA",
			"systemId": "sound",
			"duration": 5782,
			"hint": {
				"extensions": [
					".aac",
					".ogg"
				]
			}
		},
		"ROTM": {
			"type": "image",
			"path": "image/ROTM.png",
			"width": 400,
			"height": 291,
			"hint": {
				"untainted": true
			}
		},
		"autoClick": {
			"type": "image",
			"path": "image/autoClick.png",
			"width": 499,
			"height": 135,
			"hint": {
				"untainted": true
			}
		},
		"shop": {
			"type": "image",
			"path": "image/shop.png",
			"width": 194,
			"height": 500,
			"hint": {
				"untainted": true
			}
		},
		"aez_bundle_main": {
			"type": "script",
			"global": true,
			"path": "script/aez_bundle_main.js"
		}
	},
	"moduleMainScripts": {
		"@akashic-extension/akashic-hover-plugin": "node_modules/@akashic-extension/akashic-hover-plugin/lib/index.js",
		"@akashic-extension/resolve-player-info": "node_modules/@akashic-extension/resolve-player-info/lib/index.js"
	},
	"environment": {
		"sandbox-runtime": "3",
		"external": {
			"coeLimited": "0",
			"atsumaru": "0",
			"send": "0"
		},
		"nicolive": {
			"supportedMods": [
				"multi_admission"
			]
		},
		"akashic-runtime": {
			"version": "~3.6.0-0",
			"flavor": "-canvas"
		}
	},
	"globalScripts": [],
	"exportZipInfo": {
		"version": "1.8.18",
		"option": {
			"strip": true,
			"babel": true,
			"targetService": "nicolive",
			"nicolive": true
		}
	}
}